FECHA_REGISTRO;TEMPERATURA_PROMEDIO;TEMPERATURA_MINIMA;TEMPERATURA_MAXIMA;HUMEDAD_RELATIVA_PROMEDIO;HUMEDAD_RELATIVA_MINIMA;HUMEDAD_RELATIVA_MAXIMA;PRECIPITACION;DEPARTAMENTO;PROVINCIA;DISTRITO;UBIGEO;ESTACION;MARCA;MODELO;FECHA_CORTE
20240501;4.69;1.7;10.5;76.52;44.4;100;0;ANCASH;HUARAZ;INDEPENDENCIA;20105;COJ-PAL-EMA-3;Campbell Scientific ;ClimaVUE50;20250506
20240502;5.15;2.2;11.6;76.6;43.2;100;0.34;ANCASH;HUARAZ;INDEPENDENCIA;20105;COJ-PAL-EMA-3;Campbell Scientific ;ClimaVUE50;20250506
20240503;3.11;1.2;5.7;95.03;82.4;100;5.66;ANCASH;HUARAZ;INDEPENDENCIA;20105;COJ-PAL-EMA-3;Campbell Scientific ;ClimaVUE50;20250506
20240504;4.07;1.5;8.3;90.19;72.9;100;2.35;ANCASH;HUARAZ;INDEPENDENCIA;20105;COJ-PAL-EMA-3;Campbell Scientific ;ClimaVUE50;20250506
20240505;6.29;3.2;11.9;67.85;48;98.3;0;ANCASH;HUARAZ;INDEPENDENCIA;20105;COJ-PAL-EMA-3;Campbell Scientific ;ClimaVUE50;20250506
20240506;6.17;3.1;12.6;68.6;43.6;96.3;0;ANCASH;HUARAZ;INDEPENDENCIA;20105;COJ-PAL-EMA-3;Campbell Scientific ;ClimaVUE50;20250506
20240507;4.5;1.5;10.5;90.27;57.6;100;0.41;ANCASH;HUARAZ;INDEPENDENCIA;20105;COJ-PAL-EMA-3;Campbell Scientific ;ClimaVUE50;20250506
20240508;5.56;2.6;12.2;76.53;42.5;100;0.02;ANCASH;HUARAZ;INDEPENDENCIA;20105;COJ-PAL-EMA-3;Campbell Scientific ;ClimaVUE50;20250506
20240509;6.25;2.2;13.6;69.36;34.3;100;0;ANCASH;HUARAZ;INDEPENDENCIA;20105;COJ-PAL-EMA-3;Campbell Scientific ;ClimaVUE50;20250506
20240510;5.34;2;11.1;76.29;46.9;100;0;ANCASH;HUARAZ;INDEPENDENCIA;20105;COJ-PAL-EMA-3;Campbell Scientific ;ClimaVUE50;20250506
20240511;5.77;0.8;14.9;69.01;27.1;100;0.83;ANCASH;HUARAZ;INDEPENDENCIA;20105;COJ-PAL-EMA-3;Campbell Scientific ;ClimaVUE50;20250506
20240512;6.7;2.4;14.2;58.54;25.3;100;0;ANCASH;HUARAZ;INDEPENDENCIA;20105;COJ-PAL-EMA-3;Campbell Scientific ;ClimaVUE50;20250506
20240513;4.61;1.5;10.4;85.82;53.2;99.9;0;ANCASH;HUARAZ;INDEPENDENCIA;20105;COJ-PAL-EMA-3;Campbell Scientific ;ClimaVUE50;20250506
20240514;3.82;1.6;9.7;86.96;51.9;100;3.23;ANCASH;HUARAZ;INDEPENDENCIA;20105;COJ-PAL-EMA-3;Campbell Scientific ;ClimaVUE50;20250506
20240515;3.57;1.5;7.9;90.75;71.1;100;4.91;ANCASH;HUARAZ;INDEPENDENCIA;20105;COJ-PAL-EMA-3;Campbell Scientific ;ClimaVUE50;20250506
20240516;2.97;1.2;7.2;96.21;79.9;100;2.5;ANCASH;HUARAZ;INDEPENDENCIA;20105;COJ-PAL-EMA-3;Campbell Scientific ;ClimaVUE50;20250506
20240517;4.35;1.5;10;88.86;56.7;100;2.62;ANCASH;HUARAZ;INDEPENDENCIA;20105;COJ-PAL-EMA-3;Campbell Scientific ;ClimaVUE50;20250506
20240518;4.87;1.9;10.6;83.55;53.9;100;0.24;ANCASH;HUARAZ;INDEPENDENCIA;20105;COJ-PAL-EMA-3;Campbell Scientific ;ClimaVUE50;20250506
20240519;5.41;2.9;11.8;72.85;43.5;95;0;ANCASH;HUARAZ;INDEPENDENCIA;20105;COJ-PAL-EMA-3;Campbell Scientific ;ClimaVUE50;20250506
20240520;5.38;2.7;12.7;72.02;42.8;91;4.98;ANCASH;HUARAZ;INDEPENDENCIA;20105;COJ-PAL-EMA-3;Campbell Scientific ;ClimaVUE50;20250506
20240521;5.78;1.7;13.7;68.17;34.8;91.4;0;ANCASH;HUARAZ;INDEPENDENCIA;20105;COJ-PAL-EMA-3;Campbell Scientific ;ClimaVUE50;20250506
20240522;5.93;2.7;13.2;61.7;29.2;99;0;ANCASH;HUARAZ;INDEPENDENCIA;20105;COJ-PAL-EMA-3;Campbell Scientific ;ClimaVUE50;20250506
20240523;5.74;2.7;12.9;51.37;26.5;96.8;0;ANCASH;HUARAZ;INDEPENDENCIA;20105;COJ-PAL-EMA-3;Campbell Scientific ;ClimaVUE50;20250506
20240524;5.01;2;14;61.29;25.5;87.9;0;ANCASH;HUARAZ;INDEPENDENCIA;20105;COJ-PAL-EMA-3;Campbell Scientific ;ClimaVUE50;20250506
20240525;5.1;1.4;13.5;67.09;38.6;98.2;0.73;ANCASH;HUARAZ;INDEPENDENCIA;20105;COJ-PAL-EMA-3;Campbell Scientific ;ClimaVUE50;20250506
20240526;5.38;2.2;12.8;66.1;39.2;85.1;0;ANCASH;HUARAZ;INDEPENDENCIA;20105;COJ-PAL-EMA-3;Campbell Scientific ;ClimaVUE50;20250506
20240527;5.16;0.1;13.7;73.44;37.2;100;12.77;ANCASH;HUARAZ;INDEPENDENCIA;20105;COJ-PAL-EMA-3;Campbell Scientific ;ClimaVUE50;20250506
20240528;4.43;1.2;10.8;80.78;41.7;100;2.53;ANCASH;HUARAZ;INDEPENDENCIA;20105;COJ-PAL-EMA-3;Campbell Scientific ;ClimaVUE50;20250506
20240529;5.17;0.9;13;55.92;25;92.8;0;ANCASH;HUARAZ;INDEPENDENCIA;20105;COJ-PAL-EMA-3;Campbell Scientific ;ClimaVUE50;20250506
20240530;5.53;0.5;13.7;47.97;13.7;95.4;0;ANCASH;HUARAZ;INDEPENDENCIA;20105;COJ-PAL-EMA-3;Campbell Scientific ;ClimaVUE50;20250506
20240531;6.2;1.7;13;41.85;24.7;71.5;0;ANCASH;HUARAZ;INDEPENDENCIA;20105;COJ-PAL-EMA-3;Campbell Scientific ;ClimaVUE50;20250506
20240601;6.73;3.5;13.8;33.01;15.7;57.6;0;ANCASH;HUARAZ;INDEPENDENCIA;20105;COJ-PAL-EMA-3;Campbell Scientific ;ClimaVUE50;20250506
20240602;5.92;2.1;13.9;40.56;18.1;59;0;ANCASH;HUARAZ;INDEPENDENCIA;20105;COJ-PAL-EMA-3;Campbell Scientific ;ClimaVUE50;20250506
20240603;6.29;1.7;13.9;25.43;11.4;47.7;0;ANCASH;HUARAZ;INDEPENDENCIA;20105;COJ-PAL-EMA-3;Campbell Scientific ;ClimaVUE50;20250506
20240604;5.36;1.4;13.6;29.62;16.7;57;0;ANCASH;HUARAZ;INDEPENDENCIA;20105;COJ-PAL-EMA-3;Campbell Scientific ;ClimaVUE50;20250506
20240605;5.04;0.6;12.9;47.93;24.4;66.3;0;ANCASH;HUARAZ;INDEPENDENCIA;20105;COJ-PAL-EMA-3;Campbell Scientific ;ClimaVUE50;20250506
20240606;4.75;0.4;13.2;43.2;10.4;77.8;0;ANCASH;HUARAZ;INDEPENDENCIA;20105;COJ-PAL-EMA-3;Campbell Scientific ;ClimaVUE50;20250506
20240607;5.29;0.7;12.5;31.28;6.7;72.9;0;ANCASH;HUARAZ;INDEPENDENCIA;20105;COJ-PAL-EMA-3;Campbell Scientific ;ClimaVUE50;20250506
20240608;4.2;0.8;15;49.89;25.9;76.8;0;ANCASH;HUARAZ;INDEPENDENCIA;20105;COJ-PAL-EMA-3;Campbell Scientific ;ClimaVUE50;20250506
20240609;3.7;-0.1;11.8;63.65;34.8;86.3;0;ANCASH;HUARAZ;INDEPENDENCIA;20105;COJ-PAL-EMA-3;Campbell Scientific ;ClimaVUE50;20250506
20240610;3.29;-0.1;6.9;77.4;58.5;98.1;0;ANCASH;HUARAZ;INDEPENDENCIA;20105;COJ-PAL-EMA-3;Campbell Scientific ;ClimaVUE50;20250506
20240611;3.83;1.4;6;77.17;54.7;100;1.75;ANCASH;HUARAZ;INDEPENDENCIA;20105;COJ-PAL-EMA-3;Campbell Scientific ;ClimaVUE50;20250506
20240612;4.37;1.4;8;71.45;53.6;97.7;0.02;ANCASH;HUARAZ;INDEPENDENCIA;20105;COJ-PAL-EMA-3;Campbell Scientific ;ClimaVUE50;20250506
20240613;3.61;1.1;8.4;86.34;60.7;100;1.24;ANCASH;HUARAZ;INDEPENDENCIA;20105;COJ-PAL-EMA-3;Campbell Scientific ;ClimaVUE50;20250506
20240614;3.77;0.9;9.1;90.05;59;100;0;ANCASH;HUARAZ;INDEPENDENCIA;20105;COJ-PAL-EMA-3;Campbell Scientific ;ClimaVUE50;20250506
20240615;3.81;0.8;9.6;76.11;43.6;99.9;0.08;ANCASH;HUARAZ;INDEPENDENCIA;20105;COJ-PAL-EMA-3;Campbell Scientific ;ClimaVUE50;20250506
20240616;4.55;2;13.2;72.13;38.5;99.6;0;ANCASH;HUARAZ;INDEPENDENCIA;20105;COJ-PAL-EMA-3;Campbell Scientific ;ClimaVUE50;20250506
20240617;4.28;1.4;9.6;77;53.7;97.6;0;ANCASH;HUARAZ;INDEPENDENCIA;20105;COJ-PAL-EMA-3;Campbell Scientific ;ClimaVUE50;20250506
20240618;3.93;0.9;11.6;80.49;43.8;100;0.1;ANCASH;HUARAZ;INDEPENDENCIA;20105;COJ-PAL-EMA-3;Campbell Scientific ;ClimaVUE50;20250506
20240619;1.79;-0.1;7.6;90.93;58.4;100;0.07;ANCASH;HUARAZ;INDEPENDENCIA;20105;COJ-PAL-EMA-3;Campbell Scientific ;ClimaVUE50;20250506
20240620;0.17;-1;2.3;98.94;84.5;100;1.75;ANCASH;HUARAZ;INDEPENDENCIA;20105;COJ-PAL-EMA-3;Campbell Scientific ;ClimaVUE50;20250506
20240621;-0.03;-2.2;2.2;97.08;81.6;100;2.98;ANCASH;HUARAZ;INDEPENDENCIA;20105;COJ-PAL-EMA-3;Campbell Scientific ;ClimaVUE50;20250506
20240622;2.56;0.5;8.1;86.36;54.4;100;4.74;ANCASH;HUARAZ;INDEPENDENCIA;20105;COJ-PAL-EMA-3;Campbell Scientific ;ClimaVUE50;20250506
20240623;4.33;0.8;10.8;54.47;28;77.6;0;ANCASH;HUARAZ;INDEPENDENCIA;20105;COJ-PAL-EMA-3;Campbell Scientific ;ClimaVUE50;20250506
20240624;4.59;1;12;42.83;21.4;74.2;0;ANCASH;HUARAZ;INDEPENDENCIA;20105;COJ-PAL-EMA-3;Campbell Scientific ;ClimaVUE50;20250506
20240625;4.68;1;11.4;53.92;33.2;81;0;ANCASH;HUARAZ;INDEPENDENCIA;20105;COJ-PAL-EMA-3;Campbell Scientific ;ClimaVUE50;20250506
20240626;4.72;1.2;12;59.17;31.1;80.1;0;ANCASH;HUARAZ;INDEPENDENCIA;20105;COJ-PAL-EMA-3;Campbell Scientific ;ClimaVUE50;20250506
20240627;4.28;0.8;10.9;53.06;30.3;78.5;0;ANCASH;HUARAZ;INDEPENDENCIA;20105;COJ-PAL-EMA-3;Campbell Scientific ;ClimaVUE50;20250506
20240628;3.93;0.2;11.9;69.94;32.4;100;0;ANCASH;HUARAZ;INDEPENDENCIA;20105;COJ-PAL-EMA-3;Campbell Scientific ;ClimaVUE50;20250506
20240629;4.97;0.5;16.3;70.64;30.9;100;0;ANCASH;HUARAZ;INDEPENDENCIA;20105;COJ-PAL-EMA-3;Campbell Scientific ;ClimaVUE50;20250506
20240630;4.46;0.9;13.7;71.48;35.1;100;0;ANCASH;HUARAZ;INDEPENDENCIA;20105;COJ-PAL-EMA-3;Campbell Scientific ;ClimaVUE50;20250506
20240701;2.58;-0.6;7.5;88.66;63.5;100;1.5;ANCASH;HUARAZ;INDEPENDENCIA;20105;COJ-PAL-EMA-3;Campbell Scientific ;ClimaVUE50;20250506
20240702;3.99;1.1;8.1;66.61;45.8;100;0;ANCASH;HUARAZ;INDEPENDENCIA;20105;COJ-PAL-EMA-3;Campbell Scientific ;ClimaVUE50;20250506
20240703;4.51;-0.1;11.7;48.27;13.8;92.4;0;ANCASH;HUARAZ;INDEPENDENCIA;20105;COJ-PAL-EMA-3;Campbell Scientific ;ClimaVUE50;20250506
20240704;4.1;-0.5;12.8;55.09;20.2;95.6;0;ANCASH;HUARAZ;INDEPENDENCIA;20105;COJ-PAL-EMA-3;Campbell Scientific ;ClimaVUE50;20250506
20240705;5.44;2.6;13;46.58;23.4;71.1;0;ANCASH;HUARAZ;INDEPENDENCIA;20105;COJ-PAL-EMA-3;Campbell Scientific ;ClimaVUE50;20250506
20240706;5.18;2.2;11.9;49.13;24.7;73.9;0;ANCASH;HUARAZ;INDEPENDENCIA;20105;COJ-PAL-EMA-3;Campbell Scientific ;ClimaVUE50;20250506
20240707;4.39;0.7;12.2;61.56;30.9;89.1;0;ANCASH;HUARAZ;INDEPENDENCIA;20105;COJ-PAL-EMA-3;Campbell Scientific ;ClimaVUE50;20250506
20240708;4.64;1.2;13.4;71.18;31.7;100;1.33;ANCASH;HUARAZ;INDEPENDENCIA;20105;COJ-PAL-EMA-3;Campbell Scientific ;ClimaVUE50;20250506
20240709;3.94;0.5;11.6;75.2;32.1;99.5;2.35;ANCASH;HUARAZ;INDEPENDENCIA;20105;COJ-PAL-EMA-3;Campbell Scientific ;ClimaVUE50;20250506
20240710;4.08;1.1;11.6;71.5;29.3;99.6;1.56;ANCASH;HUARAZ;INDEPENDENCIA;20105;COJ-PAL-EMA-3;Campbell Scientific ;ClimaVUE50;20250506
20240711;4.63;2.2;10;25.02;12;50.7;0;ANCASH;HUARAZ;INDEPENDENCIA;20105;COJ-PAL-EMA-3;Campbell Scientific ;ClimaVUE50;20250506
20240712;4.05;1.3;10;30.04;14.5;44;0;ANCASH;HUARAZ;INDEPENDENCIA;20105;COJ-PAL-EMA-3;Campbell Scientific ;ClimaVUE50;20250506
20240713;3.78;0.3;10.1;61.13;34.9;100;0.65;ANCASH;HUARAZ;INDEPENDENCIA;20105;COJ-PAL-EMA-3;Campbell Scientific ;ClimaVUE50;20250506
20240714;5.58;2.7;11.9;56.65;39.7;76;0.15;ANCASH;HUARAZ;INDEPENDENCIA;20105;COJ-PAL-EMA-3;Campbell Scientific ;ClimaVUE50;20250506
20240715;5.47;1.6;12.5;54.07;28.3;71.7;0;ANCASH;HUARAZ;INDEPENDENCIA;20105;COJ-PAL-EMA-3;Campbell Scientific ;ClimaVUE50;20250506
20240716;5.04;0.3;14.5;35.92;12.4;72.1;0;ANCASH;HUARAZ;INDEPENDENCIA;20105;COJ-PAL-EMA-3;Campbell Scientific ;ClimaVUE50;20250506
20240717;4.89;0.7;11.1;14.96;4.7;34.1;0;ANCASH;HUARAZ;INDEPENDENCIA;20105;COJ-PAL-EMA-3;Campbell Scientific ;ClimaVUE50;20250506
20240718;4.51;0.7;11.8;20.66;3.7;53;0;ANCASH;HUARAZ;INDEPENDENCIA;20105;COJ-PAL-EMA-3;Campbell Scientific ;ClimaVUE50;20250506
20240719;4.2;-1.3;11.7;30.87;10;56.7;0;ANCASH;HUARAZ;INDEPENDENCIA;20105;COJ-PAL-EMA-3;Campbell Scientific ;ClimaVUE50;20250506
20240720;3.85;0.5;9.6;38.3;13.3;53.6;0;ANCASH;HUARAZ;INDEPENDENCIA;20105;COJ-PAL-EMA-3;Campbell Scientific ;ClimaVUE50;20250506
20240721;3.67;-0.7;9.9;44.47;29.2;62.4;0;ANCASH;HUARAZ;INDEPENDENCIA;20105;COJ-PAL-EMA-3;Campbell Scientific ;ClimaVUE50;20250506
20240722;3.97;-1.1;10.1;42.02;18.2;64.3;0;ANCASH;HUARAZ;INDEPENDENCIA;20105;COJ-PAL-EMA-3;Campbell Scientific ;ClimaVUE50;20250506
20240723;3.94;-0.2;12;55.81;34.5;81.4;0;ANCASH;HUARAZ;INDEPENDENCIA;20105;COJ-PAL-EMA-3;Campbell Scientific ;ClimaVUE50;20250506
20240724;3.79;-0.9;11.3;59.1;22.4;93.1;0.05;ANCASH;HUARAZ;INDEPENDENCIA;20105;COJ-PAL-EMA-3;Campbell Scientific ;ClimaVUE50;20250506
20240725;4.08;-0.7;9.8;59.83;40.6;83.9;0;ANCASH;HUARAZ;INDEPENDENCIA;20105;COJ-PAL-EMA-3;Campbell Scientific ;ClimaVUE50;20250506
20240726;3.98;-0.5;12.4;61.82;31.1;89.1;0;ANCASH;HUARAZ;INDEPENDENCIA;20105;COJ-PAL-EMA-3;Campbell Scientific ;ClimaVUE50;20250506
20240727;5.09;-0.8;13.1;50.29;16.7;80.1;0;ANCASH;HUARAZ;INDEPENDENCIA;20105;COJ-PAL-EMA-3;Campbell Scientific ;ClimaVUE50;20250506
20240728;6.33;2.8;14;33.27;12.4;60.9;0;ANCASH;HUARAZ;INDEPENDENCIA;20105;COJ-PAL-EMA-3;Campbell Scientific ;ClimaVUE50;20250506
20240729;5.7;2.1;13.4;32.32;14.1;58.6;0;ANCASH;HUARAZ;INDEPENDENCIA;20105;COJ-PAL-EMA-3;Campbell Scientific ;ClimaVUE50;20250506
20240730;4.82;0.3;12.5;48.11;25;64;0;ANCASH;HUARAZ;INDEPENDENCIA;20105;COJ-PAL-EMA-3;Campbell Scientific ;ClimaVUE50;20250506
20240731;5.37;0.9;12.3;47.47;27.8;64;0;ANCASH;HUARAZ;INDEPENDENCIA;20105;COJ-PAL-EMA-3;Campbell Scientific ;ClimaVUE50;20250506
20240801;4.81;1.3;12.5;52.79;19.5;85;0;ANCASH;HUARAZ;INDEPENDENCIA;20105;COJ-PAL-EMA-3;Campbell Scientific ;ClimaVUE50;20250506
20240802;4.29;0.3;13.9;61.11;27.7;83.7;0;ANCASH;HUARAZ;INDEPENDENCIA;20105;COJ-PAL-EMA-3;Campbell Scientific ;ClimaVUE50;20250506
20240803;4.4;0.8;14.7;64.18;28.9;94.3;0;ANCASH;HUARAZ;INDEPENDENCIA;20105;COJ-PAL-EMA-3;Campbell Scientific ;ClimaVUE50;20250506
20240804;3.47;-0.7;11.9;69.97;22.4;99.4;0.07;ANCASH;HUARAZ;INDEPENDENCIA;20105;COJ-PAL-EMA-3;Campbell Scientific ;ClimaVUE50;20250506
20240805;3.55;-0.6;12.5;69.91;31.9;96.4;0.03;ANCASH;HUARAZ;INDEPENDENCIA;20105;COJ-PAL-EMA-3;Campbell Scientific ;ClimaVUE50;20250506
20240806;3.06;0;10.3;60.97;32.7;93.2;0;ANCASH;HUARAZ;INDEPENDENCIA;20105;COJ-PAL-EMA-3;Campbell Scientific ;ClimaVUE50;20250506
20240807;3.71;-0.8;12.1;34.03;13;71.4;0;ANCASH;HUARAZ;INDEPENDENCIA;20105;COJ-PAL-EMA-3;Campbell Scientific ;ClimaVUE50;20250506
20240808;3.74;-1.3;11.4;52.72;23.2;86.8;0;ANCASH;HUARAZ;INDEPENDENCIA;20105;COJ-PAL-EMA-3;Campbell Scientific ;ClimaVUE50;20250506
20240809;3.72;-1.1;11.4;64.22;31.8;90.8;0.02;ANCASH;HUARAZ;INDEPENDENCIA;20105;COJ-PAL-EMA-3;Campbell Scientific ;ClimaVUE50;20250506
20240810;3.85;0.3;13.7;64.74;27.3;91.6;0.03;ANCASH;HUARAZ;INDEPENDENCIA;20105;COJ-PAL-EMA-3;Campbell Scientific ;ClimaVUE50;20250506
20240811;4.36;0.5;13.4;69.69;26.6;94.1;0.19;ANCASH;HUARAZ;INDEPENDENCIA;20105;COJ-PAL-EMA-3;Campbell Scientific ;ClimaVUE50;20250506
20240812;3.9;-0.1;10.4;61.62;20;99.8;0.03;ANCASH;HUARAZ;INDEPENDENCIA;20105;COJ-PAL-EMA-3;Campbell Scientific ;ClimaVUE50;20250506
20240813;4.26;-1;12.1;60.51;31.2;85.5;0.05;ANCASH;HUARAZ;INDEPENDENCIA;20105;COJ-PAL-EMA-3;Campbell Scientific ;ClimaVUE50;20250506
20240814;5.11;0.5;12.9;48.48;20.5;78.5;0;ANCASH;HUARAZ;INDEPENDENCIA;20105;COJ-PAL-EMA-3;Campbell Scientific ;ClimaVUE50;20250506
20240815;4.3;-0.4;12.3;46.08;25;78.6;0;ANCASH;HUARAZ;INDEPENDENCIA;20105;COJ-PAL-EMA-3;Campbell Scientific ;ClimaVUE50;20250506
20240816;5.1;1.2;10.7;34.68;14.9;62.5;0;ANCASH;HUARAZ;INDEPENDENCIA;20105;COJ-PAL-EMA-3;Campbell Scientific ;ClimaVUE50;20250506
20240817;3.74;-0.9;10.5;53.72;28;73.4;0;ANCASH;HUARAZ;INDEPENDENCIA;20105;COJ-PAL-EMA-3;Campbell Scientific ;ClimaVUE50;20250506
20240818;4.17;-0.6;10.4;52.87;32.5;76.9;0;ANCASH;HUARAZ;INDEPENDENCIA;20105;COJ-PAL-EMA-3;Campbell Scientific ;ClimaVUE50;20250506
20240819;3.97;-0.5;11.6;54.37;31.1;73.7;0;ANCASH;HUARAZ;INDEPENDENCIA;20105;COJ-PAL-EMA-3;Campbell Scientific ;ClimaVUE50;20250506
20240820;4.21;-0.3;10.2;54.71;36.1;76.6;0;ANCASH;HUARAZ;INDEPENDENCIA;20105;COJ-PAL-EMA-3;Campbell Scientific ;ClimaVUE50;20250506
20240821;5;0.6;14.5;57.53;28.6;80.1;0;ANCASH;HUARAZ;INDEPENDENCIA;20105;COJ-PAL-EMA-3;Campbell Scientific ;ClimaVUE50;20250506
20240822;5.77;2.4;12.9;56.38;29;91.5;0;ANCASH;HUARAZ;INDEPENDENCIA;20105;COJ-PAL-EMA-3;Campbell Scientific ;ClimaVUE50;20250506
20240823;5.94;1.1;12.8;49.72;24.2;93.2;0;ANCASH;HUARAZ;INDEPENDENCIA;20105;COJ-PAL-EMA-3;Campbell Scientific ;ClimaVUE50;20250506
20240824;4.11;0.5;7.2;55.85;43.5;68.4;0;ANCASH;HUARAZ;INDEPENDENCIA;20105;COJ-PAL-EMA-3;Campbell Scientific ;ClimaVUE50;20250506
20240825;2.63;0.7;5.1;78.7;47.3;100;2.16;ANCASH;HUARAZ;INDEPENDENCIA;20105;COJ-PAL-EMA-3;Campbell Scientific ;ClimaVUE50;20250506
20240826;2.65;-0.1;10.5;87.8;39.3;100;3.3;ANCASH;HUARAZ;INDEPENDENCIA;20105;COJ-PAL-EMA-3;Campbell Scientific ;ClimaVUE50;20250506
20240827;4.58;0.5;12.1;67.49;32.2;99;2.21;ANCASH;HUARAZ;INDEPENDENCIA;20105;COJ-PAL-EMA-3;Campbell Scientific ;ClimaVUE50;20250506
20240828;4.42;0.4;11.7;63.6;32.4;90.4;4.57;ANCASH;HUARAZ;INDEPENDENCIA;20105;COJ-PAL-EMA-3;Campbell Scientific ;ClimaVUE50;20250506
20240829;4.9;0.3;12.3;56.69;24.6;88.8;0;ANCASH;HUARAZ;INDEPENDENCIA;20105;COJ-PAL-EMA-3;Campbell Scientific ;ClimaVUE50;20250506
20240830;3.98;0.6;12.4;68.7;27.6;99.8;0.34;ANCASH;HUARAZ;INDEPENDENCIA;20105;COJ-PAL-EMA-3;Campbell Scientific ;ClimaVUE50;20250506
20240831;4.65;0.7;12.6;63.1;27.2;93.4;1.29;ANCASH;HUARAZ;INDEPENDENCIA;20105;COJ-PAL-EMA-3;Campbell Scientific ;ClimaVUE50;20250506
20240901;4.14;0.8;12.3;64.4;29.4;91.7;0.54;ANCASH;HUARAZ;INDEPENDENCIA;20105;COJ-PAL-EMA-3;Campbell Scientific ;ClimaVUE50;20250506
20240902;3.06;0;10.2;74.29;36.9;96.5;0;ANCASH;HUARAZ;INDEPENDENCIA;20105;COJ-PAL-EMA-3;Campbell Scientific ;ClimaVUE50;20250506
20240903;5.17;-0.6;12.8;55.92;23.6;92.6;0;ANCASH;HUARAZ;INDEPENDENCIA;20105;COJ-PAL-EMA-3;Campbell Scientific ;ClimaVUE50;20250506
20240904;5.87;1.7;13.4;50.15;27.4;68.9;0;ANCASH;HUARAZ;INDEPENDENCIA;20105;COJ-PAL-EMA-3;Campbell Scientific ;ClimaVUE50;20250506
20240905;5.44;1.6;11.4;43.52;25.5;63.6;0;ANCASH;HUARAZ;INDEPENDENCIA;20105;COJ-PAL-EMA-3;Campbell Scientific ;ClimaVUE50;20250506
20240906;4.64;1.8;11.3;58.52;36.1;75.7;0;ANCASH;HUARAZ;INDEPENDENCIA;20105;COJ-PAL-EMA-3;Campbell Scientific ;ClimaVUE50;20250506
20240907;4.36;0.4;11;55.01;33.9;76.5;0;ANCASH;HUARAZ;INDEPENDENCIA;20105;COJ-PAL-EMA-3;Campbell Scientific ;ClimaVUE50;20250506
20240908;4.78;0.8;12.3;36.97;16.1;68.7;0;ANCASH;HUARAZ;INDEPENDENCIA;20105;COJ-PAL-EMA-3;Campbell Scientific ;ClimaVUE50;20250506
20240909;4.51;1;11.6;48.11;28;71.9;0;ANCASH;HUARAZ;INDEPENDENCIA;20105;COJ-PAL-EMA-3;Campbell Scientific ;ClimaVUE50;20250506
20240910;5.68;2;12.7;31.66;9.3;67.2;0;ANCASH;HUARAZ;INDEPENDENCIA;20105;COJ-PAL-EMA-3;Campbell Scientific ;ClimaVUE50;20250506
20240911;5.75;1.5;13.3;41.36;16.3;69.4;0;ANCASH;HUARAZ;INDEPENDENCIA;20105;COJ-PAL-EMA-3;Campbell Scientific ;ClimaVUE50;20250506
20240912;5.48;0.7;12.1;46.59;17.9;69.4;0;ANCASH;HUARAZ;INDEPENDENCIA;20105;COJ-PAL-EMA-3;Campbell Scientific ;ClimaVUE50;20250506
20240913;5.34;0.1;12.8;56.11;29.4;79.2;0.03;ANCASH;HUARAZ;INDEPENDENCIA;20105;COJ-PAL-EMA-3;Campbell Scientific ;ClimaVUE50;20250506
20240914;5.4;1.1;13.2;55.88;27.9;78;0;ANCASH;HUARAZ;INDEPENDENCIA;20105;COJ-PAL-EMA-3;Campbell Scientific ;ClimaVUE50;20250506
20240915;5.78;1.7;12.2;56.04;28.8;77.8;0;ANCASH;HUARAZ;INDEPENDENCIA;20105;COJ-PAL-EMA-3;Campbell Scientific ;ClimaVUE50;20250506
20240916;5.51;2.3;11.8;60.46;37.9;76.5;0;ANCASH;HUARAZ;INDEPENDENCIA;20105;COJ-PAL-EMA-3;Campbell Scientific ;ClimaVUE50;20250506
20240917;5.5;1.4;11.8;62.52;39.3;85.6;0.03;ANCASH;HUARAZ;INDEPENDENCIA;20105;COJ-PAL-EMA-3;Campbell Scientific ;ClimaVUE50;20250506
20240918;5.77;1.3;13.4;65.96;34.4;87.9;0;ANCASH;HUARAZ;INDEPENDENCIA;20105;COJ-PAL-EMA-3;Campbell Scientific ;ClimaVUE50;20250506
20240919;5.91;2.8;14.7;56.84;29.8;77.8;0;ANCASH;HUARAZ;INDEPENDENCIA;20105;COJ-PAL-EMA-3;Campbell Scientific ;ClimaVUE50;20250506
20240920;5.65;1.7;12.5;45.06;20.6;72.1;0;ANCASH;HUARAZ;INDEPENDENCIA;20105;COJ-PAL-EMA-3;Campbell Scientific ;ClimaVUE50;20250506
20240921;4.25;0;9.4;50.85;33.1;76.8;0;ANCASH;HUARAZ;INDEPENDENCIA;20105;COJ-PAL-EMA-3;Campbell Scientific ;ClimaVUE50;20250506
20240922;3.48;0.8;7.3;66.42;44.9;82.6;0;ANCASH;HUARAZ;INDEPENDENCIA;20105;COJ-PAL-EMA-3;Campbell Scientific ;ClimaVUE50;20250506
20240923;4.68;1.1;10.9;55.89;34;85.4;0;ANCASH;HUARAZ;INDEPENDENCIA;20105;COJ-PAL-EMA-3;Campbell Scientific ;ClimaVUE50;20250506
20240924;5.21;2.1;12.9;58.74;25.4;88.1;0.03;ANCASH;HUARAZ;INDEPENDENCIA;20105;COJ-PAL-EMA-3;Campbell Scientific ;ClimaVUE50;20250506
20240925;4.12;0;13.8;78.71;29;99.1;2.4;ANCASH;HUARAZ;INDEPENDENCIA;20105;COJ-PAL-EMA-3;Campbell Scientific ;ClimaVUE50;20250506
20240926;4.68;0.6;11.9;71.18;31;100;0.49;ANCASH;HUARAZ;INDEPENDENCIA;20105;COJ-PAL-EMA-3;Campbell Scientific ;ClimaVUE50;20250506
20240927;2.68;0;7;94.5;67.6;100;1.46;ANCASH;HUARAZ;INDEPENDENCIA;20105;COJ-PAL-EMA-3;Campbell Scientific ;ClimaVUE50;20250506
20240928;2.25;-0.1;6.7;96.77;61.4;100;4.34;ANCASH;HUARAZ;INDEPENDENCIA;20105;COJ-PAL-EMA-3;Campbell Scientific ;ClimaVUE50;20250506
20240929;4.25;0.2;9.8;75.08;42.2;100;0.02;ANCASH;HUARAZ;INDEPENDENCIA;20105;COJ-PAL-EMA-3;Campbell Scientific ;ClimaVUE50;20250506
20240930;3.94;-0.2;11.5;73.35;37.2;100;0;ANCASH;HUARAZ;INDEPENDENCIA;20105;COJ-PAL-EMA-3;Campbell Scientific ;ClimaVUE50;20250506
20241001;4.43;0.7;10.7;69.68;38.2;100;0.1;ANCASH;HUARAZ;INDEPENDENCIA;20105;COJ-PAL-EMA-3;Campbell Scientific ;ClimaVUE50;20250506
20241002;4.65;0.8;12.5;69.43;28;100;2.69;ANCASH;HUARAZ;INDEPENDENCIA;20105;COJ-PAL-EMA-3;Campbell Scientific ;ClimaVUE50;20250506
20241003;3.62;0.4;10.5;79.17;36.5;100;1.1;ANCASH;HUARAZ;INDEPENDENCIA;20105;COJ-PAL-EMA-3;Campbell Scientific ;ClimaVUE50;20250506
20241004;4.52;0.6;10.9;64.07;37.2;100;5.59;ANCASH;HUARAZ;INDEPENDENCIA;20105;COJ-PAL-EMA-3;Campbell Scientific ;ClimaVUE50;20250506
20241005;2.66;0.2;4.8;74.24;58;98.7;0.68;ANCASH;HUARAZ;INDEPENDENCIA;20105;COJ-PAL-EMA-3;Campbell Scientific ;ClimaVUE50;20250506
20241006;3.42;-0.2;9.2;67.97;46.7;98.5;1.46;ANCASH;HUARAZ;INDEPENDENCIA;20105;COJ-PAL-EMA-3;Campbell Scientific ;ClimaVUE50;20250506
20241007;3.8;0.4;12.2;76.67;38.9;100;1.97;ANCASH;HUARAZ;INDEPENDENCIA;20105;COJ-PAL-EMA-3;Campbell Scientific ;ClimaVUE50;20250506
20241008;3.84;-0.2;11.3;82.32;41.7;100;1.67;ANCASH;HUARAZ;INDEPENDENCIA;20105;COJ-PAL-EMA-3;Campbell Scientific ;ClimaVUE50;20250506
20241009;3.87;0.7;11.2;87.33;47.6;100;2.82;ANCASH;HUARAZ;INDEPENDENCIA;20105;COJ-PAL-EMA-3;Campbell Scientific ;ClimaVUE50;20250506
20241010;3.57;1.2;13;91.9;51;100;0.44;ANCASH;HUARAZ;INDEPENDENCIA;20105;COJ-PAL-EMA-3;Campbell Scientific ;ClimaVUE50;20250506
20241011;3.5;-0.1;11.9;83.92;38.4;100;1.11;ANCASH;HUARAZ;INDEPENDENCIA;20105;COJ-PAL-EMA-3;Campbell Scientific ;ClimaVUE50;20250506
20241012;1.49;-0.1;8.8;96.86;68.9;100;18.97;ANCASH;HUARAZ;INDEPENDENCIA;20105;COJ-PAL-EMA-3;Campbell Scientific ;ClimaVUE50;20250506
20241013;3.02;-0.2;8.9;85.88;51;100;12.44;ANCASH;HUARAZ;INDEPENDENCIA;20105;COJ-PAL-EMA-3;Campbell Scientific ;ClimaVUE50;20250506
20241014;2.62;0.6;6.1;84.15;69;100;0.41;ANCASH;HUARAZ;INDEPENDENCIA;20105;COJ-PAL-EMA-3;Campbell Scientific ;ClimaVUE50;20250506
20241015;3.67;0.5;9.4;78.75;51.6;100;0.66;ANCASH;HUARAZ;INDEPENDENCIA;20105;COJ-PAL-EMA-3;Campbell Scientific ;ClimaVUE50;20250506
20241016;4.15;0.5;11.8;74.28;35.4;100;0.03;ANCASH;HUARAZ;INDEPENDENCIA;20105;COJ-PAL-EMA-3;Campbell Scientific ;ClimaVUE50;20250506
20241017;4.29;0.1;12.1;77.16;40.2;100;19.18;ANCASH;HUARAZ;INDEPENDENCIA;20105;COJ-PAL-EMA-3;Campbell Scientific ;ClimaVUE50;20250506
20241018;3.77;0;12.7;83.07;43.6;100;5.71;ANCASH;HUARAZ;INDEPENDENCIA;20105;COJ-PAL-EMA-3;Campbell Scientific ;ClimaVUE50;20250506
20241019;5.17;1.5;11.8;60.65;25.8;98.8;6.41;ANCASH;HUARAZ;INDEPENDENCIA;20105;COJ-PAL-EMA-3;Campbell Scientific ;ClimaVUE50;20250506
20241020;3.52;-3;12;68.24;19.3;100;0;ANCASH;HUARAZ;INDEPENDENCIA;20105;COJ-PAL-EMA-3;Campbell Scientific ;ClimaVUE50;20250506
20241021;3.36;-0.7;10.7;82.41;51.4;100;0.08;ANCASH;HUARAZ;INDEPENDENCIA;20105;COJ-PAL-EMA-3;Campbell Scientific ;ClimaVUE50;20250506
20241022;4.66;0.3;13;74.02;38.8;99.4;1.92;ANCASH;HUARAZ;INDEPENDENCIA;20105;COJ-PAL-EMA-3;Campbell Scientific ;ClimaVUE50;20250506
20241023;3.42;0.2;12.6;90.7;55.9;100;1.65;ANCASH;HUARAZ;INDEPENDENCIA;20105;COJ-PAL-EMA-3;Campbell Scientific ;ClimaVUE50;20250506
20241024;5.37;1;14.1;70.86;28;100;0.05;ANCASH;HUARAZ;INDEPENDENCIA;20105;COJ-PAL-EMA-3;Campbell Scientific ;ClimaVUE50;20250506
20241025;5.57;1.2;15.6;68.99;32;94.6;1.96;ANCASH;HUARAZ;INDEPENDENCIA;20105;COJ-PAL-EMA-3;Campbell Scientific ;ClimaVUE50;20250506
20241026;4.74;2;13.3;80.21;49.1;98.6;1.38;ANCASH;HUARAZ;INDEPENDENCIA;20105;COJ-PAL-EMA-3;Campbell Scientific ;ClimaVUE50;20250506
20241027;5.15;1.1;13.2;79.71;43.5;99.8;0.36;ANCASH;HUARAZ;INDEPENDENCIA;20105;COJ-PAL-EMA-3;Campbell Scientific ;ClimaVUE50;20250506
20241028;5.29;1.9;12.1;77.66;53.6;100;0.61;ANCASH;HUARAZ;INDEPENDENCIA;20105;COJ-PAL-EMA-3;Campbell Scientific ;ClimaVUE50;20250506
20241029;5.02;1.5;12.2;71.12;43.2;98.2;0.08;ANCASH;HUARAZ;INDEPENDENCIA;20105;COJ-PAL-EMA-3;Campbell Scientific ;ClimaVUE50;20250506
20241030;5.74;1.9;16.7;69.19;31.5;100;1.17;ANCASH;HUARAZ;INDEPENDENCIA;20105;COJ-PAL-EMA-3;Campbell Scientific ;ClimaVUE50;20250506
20241031;4.11;1.5;13.2;89.54;40.7;100;0.51;ANCASH;HUARAZ;INDEPENDENCIA;20105;COJ-PAL-EMA-3;Campbell Scientific ;ClimaVUE50;20250506
20241101;4.44;0.2;12.9;80.43;37.9;100;1.22;ANCASH;HUARAZ;INDEPENDENCIA;20105;COJ-PAL-EMA-3;Campbell Scientific ;ClimaVUE50;20250506
20241102;2.8;0;11.4;93.86;53.5;100;7.74;ANCASH;HUARAZ;INDEPENDENCIA;20105;COJ-PAL-EMA-3;Campbell Scientific ;ClimaVUE50;20250506
20241103;2.38;-0.4;9.5;91.67;52;100;1.39;ANCASH;HUARAZ;INDEPENDENCIA;20105;COJ-PAL-EMA-3;Campbell Scientific ;ClimaVUE50;20250506
20241104;3.02;0;10.5;86.16;56.5;100;14.72;ANCASH;HUARAZ;INDEPENDENCIA;20105;COJ-PAL-EMA-3;Campbell Scientific ;ClimaVUE50;20250506
20241105;3.97;0.9;12.2;88.55;54.1;100;11.24;ANCASH;HUARAZ;INDEPENDENCIA;20105;COJ-PAL-EMA-3;Campbell Scientific ;ClimaVUE50;20250506
20241106;2.3;0;6.4;98.44;83.1;100;-999;ANCASH;HUARAZ;INDEPENDENCIA;20105;COJ-PAL-EMA-3;Campbell Scientific ;ClimaVUE50;20250506
20241107;3.58;0.4;11.4;82.47;52.3;100;9.3;ANCASH;HUARAZ;INDEPENDENCIA;20105;COJ-PAL-EMA-3;Campbell Scientific ;ClimaVUE50;20250506
20241108;2.33;-1.4;8.8;94.22;65;100;15.83;ANCASH;HUARAZ;INDEPENDENCIA;20105;COJ-PAL-EMA-3;Campbell Scientific ;ClimaVUE50;20250506
20241109;2.23;0;7.2;97.27;80.7;100;9.69;ANCASH;HUARAZ;INDEPENDENCIA;20105;COJ-PAL-EMA-3;Campbell Scientific ;ClimaVUE50;20250506
20241110;2.88;-0.3;12.3;92.46;48.4;100;9.49;ANCASH;HUARAZ;INDEPENDENCIA;20105;COJ-PAL-EMA-3;Campbell Scientific ;ClimaVUE50;20250506
20241111;3.33;-1.2;10.7;80.54;55.3;100;0.14;ANCASH;HUARAZ;INDEPENDENCIA;20105;COJ-PAL-EMA-3;Campbell Scientific ;ClimaVUE50;20250506
20241112;2.45;-0.1;6.4;78.98;66.1;96.9;0;ANCASH;HUARAZ;INDEPENDENCIA;20105;COJ-PAL-EMA-3;Campbell Scientific ;ClimaVUE50;20250506
20241113;2.87;0.3;8.5;82.7;64.2;99.3;0.78;ANCASH;HUARAZ;INDEPENDENCIA;20105;COJ-PAL-EMA-3;Campbell Scientific ;ClimaVUE50;20250506
20241114;2.82;0.2;10.1;84.12;53.2;99.9;0.94;ANCASH;HUARAZ;INDEPENDENCIA;20105;COJ-PAL-EMA-3;Campbell Scientific ;ClimaVUE50;20250506
20241115;3.89;0.1;10.5;82.31;58.5;100;0.2;ANCASH;HUARAZ;INDEPENDENCIA;20105;COJ-PAL-EMA-3;Campbell Scientific ;ClimaVUE50;20250506
20241116;3.37;-0.7;12.2;71.61;46.9;98.2;0.2;ANCASH;HUARAZ;INDEPENDENCIA;20105;COJ-PAL-EMA-3;Campbell Scientific ;ClimaVUE50;20250506
20241117;2.92;-1.7;12.5;62.12;40.2;86.8;0;ANCASH;HUARAZ;INDEPENDENCIA;20105;COJ-PAL-EMA-3;Campbell Scientific ;ClimaVUE50;20250506
20241118;4.38;-1.6;14.8;61.19;12.2;90.6;0;ANCASH;HUARAZ;INDEPENDENCIA;20105;COJ-PAL-EMA-3;Campbell Scientific ;ClimaVUE50;20250506
20241119;4.97;0.1;14.2;58.95;22.2;85.8;0.03;ANCASH;HUARAZ;INDEPENDENCIA;20105;COJ-PAL-EMA-3;Campbell Scientific ;ClimaVUE50;20250506
20241120;4.92;-0.9;16.4;59.62;22.1;100;0.03;ANCASH;HUARAZ;INDEPENDENCIA;20105;COJ-PAL-EMA-3;Campbell Scientific ;ClimaVUE50;20250506
20241121;1.1;-0.3;3.3;99.92;94.9;100;9.81;ANCASH;HUARAZ;INDEPENDENCIA;20105;COJ-PAL-EMA-3;Campbell Scientific ;ClimaVUE50;20250506
20241122;2.8;0.5;8.7;98.66;83;100;4.59;ANCASH;HUARAZ;INDEPENDENCIA;20105;COJ-PAL-EMA-3;Campbell Scientific ;ClimaVUE50;20250506
20241123;3.63;0;11.8;88.94;56.7;100;5.59;ANCASH;HUARAZ;INDEPENDENCIA;20105;COJ-PAL-EMA-3;Campbell Scientific ;ClimaVUE50;20250506
20241124;2.55;0.5;7.5;99.28;85.3;100;10.85;ANCASH;HUARAZ;INDEPENDENCIA;20105;COJ-PAL-EMA-3;Campbell Scientific ;ClimaVUE50;20250506
20241125;2.54;0.7;5.6;99.93;97;100;5.34;ANCASH;HUARAZ;INDEPENDENCIA;20105;COJ-PAL-EMA-3;Campbell Scientific ;ClimaVUE50;20250506
20241126;3.42;1.6;8.6;95.92;71.2;100;3.52;ANCASH;HUARAZ;INDEPENDENCIA;20105;COJ-PAL-EMA-3;Campbell Scientific ;ClimaVUE50;20250506
20241127;3.7;0.9;12.1;92.18;57;100;4.11;ANCASH;HUARAZ;INDEPENDENCIA;20105;COJ-PAL-EMA-3;Campbell Scientific ;ClimaVUE50;20250506
20241128;3.43;0.3;10.9;93.07;62.4;100;5.85;ANCASH;HUARAZ;INDEPENDENCIA;20105;COJ-PAL-EMA-3;Campbell Scientific ;ClimaVUE50;20250506
20241129;3.19;0.7;9.7;96.17;70.6;100;2.31;ANCASH;HUARAZ;INDEPENDENCIA;20105;COJ-PAL-EMA-3;Campbell Scientific ;ClimaVUE50;20250506
20241130;3.96;1.4;9.8;90.46;64;100;1.38;ANCASH;HUARAZ;INDEPENDENCIA;20105;COJ-PAL-EMA-3;Campbell Scientific ;ClimaVUE50;20250506
20241201;3.96;0.6;11.3;87.74;52.9;100;4.18;ANCASH;HUARAZ;INDEPENDENCIA;20105;COJ-PAL-EMA-3;Campbell Scientific ;ClimaVUE50;20250506
20241202;3.81;0;10.8;87.26;67.2;100;4.96;ANCASH;HUARAZ;INDEPENDENCIA;20105;COJ-PAL-EMA-3;Campbell Scientific ;ClimaVUE50;20250506
20241203;2.8;0.2;10.1;95.67;72.2;100;9.15;ANCASH;HUARAZ;INDEPENDENCIA;20105;COJ-PAL-EMA-3;Campbell Scientific ;ClimaVUE50;20250506
20241204;2.59;1.3;6.1;99.7;87.9;100;5.17;ANCASH;HUARAZ;INDEPENDENCIA;20105;COJ-PAL-EMA-3;Campbell Scientific ;ClimaVUE50;20250506
20241205;3.51;0.7;10;96.87;67.2;100;0.87;ANCASH;HUARAZ;INDEPENDENCIA;20105;COJ-PAL-EMA-3;Campbell Scientific ;ClimaVUE50;20250506
20241206;3.92;-0.1;10.4;84.64;52.8;100;0.14;ANCASH;HUARAZ;INDEPENDENCIA;20105;COJ-PAL-EMA-3;Campbell Scientific ;ClimaVUE50;20250506
20241207;2.35;0.1;8.9;98.95;71.3;100;11.14;ANCASH;HUARAZ;INDEPENDENCIA;20105;COJ-PAL-EMA-3;Campbell Scientific ;ClimaVUE50;20250506
20241208;4.17;1.4;9.7;89.53;65.3;100;2.98;ANCASH;HUARAZ;INDEPENDENCIA;20105;COJ-PAL-EMA-3;Campbell Scientific ;ClimaVUE50;20250506
20241209;4.71;2.1;9.9;86.52;61.6;100;3.25;ANCASH;HUARAZ;INDEPENDENCIA;20105;COJ-PAL-EMA-3;Campbell Scientific ;ClimaVUE50;20250506
20241210;5.5;2.3;12.4;78.76;55.5;100;3.32;ANCASH;HUARAZ;INDEPENDENCIA;20105;COJ-PAL-EMA-3;Campbell Scientific ;ClimaVUE50;20250506
20241211;3.4;-0.1;9.3;94.67;71;100;3.08;ANCASH;HUARAZ;INDEPENDENCIA;20105;COJ-PAL-EMA-3;Campbell Scientific ;ClimaVUE50;20250506
20241212;2.81;0.9;7.4;97.3;74;100;7.82;ANCASH;HUARAZ;INDEPENDENCIA;20105;COJ-PAL-EMA-3;Campbell Scientific ;ClimaVUE50;20250506
20241213;2.53;0;9.2;99.2;86.9;100;6.77;ANCASH;HUARAZ;INDEPENDENCIA;20105;COJ-PAL-EMA-3;Campbell Scientific ;ClimaVUE50;20250506
20241214;2.17;0;5.3;99.87;95.8;100;6.58;ANCASH;HUARAZ;INDEPENDENCIA;20105;COJ-PAL-EMA-3;Campbell Scientific ;ClimaVUE50;20250506
20241215;4.02;0.6;10.1;94.84;73.3;100;1.09;ANCASH;HUARAZ;INDEPENDENCIA;20105;COJ-PAL-EMA-3;Campbell Scientific ;ClimaVUE50;20250506
20241216;4.78;1.1;13.3;82.92;38.5;100;0.08;ANCASH;HUARAZ;INDEPENDENCIA;20105;COJ-PAL-EMA-3;Campbell Scientific ;ClimaVUE50;20250506
20241217;4.56;0.8;12.1;78.46;41.6;100;8.28;ANCASH;HUARAZ;INDEPENDENCIA;20105;COJ-PAL-EMA-3;Campbell Scientific ;ClimaVUE50;20250506
20241218;3.57;0.5;12.3;89.48;55.5;100;23.07;ANCASH;HUARAZ;INDEPENDENCIA;20105;COJ-PAL-EMA-3;Campbell Scientific ;ClimaVUE50;20250506
20241219;3.69;-0.1;11.2;88.62;57.4;100;1.09;ANCASH;HUARAZ;INDEPENDENCIA;20105;COJ-PAL-EMA-3;Campbell Scientific ;ClimaVUE50;20250506
20241220;2.5;0.1;7.8;95.67;79;100;4.61;ANCASH;HUARAZ;INDEPENDENCIA;20105;COJ-PAL-EMA-3;Campbell Scientific ;ClimaVUE50;20250506
20241221;4.13;1.1;12.4;84.88;51.9;100;5.93;ANCASH;HUARAZ;INDEPENDENCIA;20105;COJ-PAL-EMA-3;Campbell Scientific ;ClimaVUE50;20250506
20241222;4.79;1;11;82.24;56;100;2.65;ANCASH;HUARAZ;INDEPENDENCIA;20105;COJ-PAL-EMA-3;Campbell Scientific ;ClimaVUE50;20250506
20241223;3.3;0.9;11.9;96.65;66.4;100;3.16;ANCASH;HUARAZ;INDEPENDENCIA;20105;COJ-PAL-EMA-3;Campbell Scientific ;ClimaVUE50;20250506
20241224;3.37;0.5;10.3;95.59;61.1;100;0.43;ANCASH;HUARAZ;INDEPENDENCIA;20105;COJ-PAL-EMA-3;Campbell Scientific ;ClimaVUE50;20250506
20241225;4.64;1.5;11.4;80.52;42;100;0.17;ANCASH;HUARAZ;INDEPENDENCIA;20105;COJ-PAL-EMA-3;Campbell Scientific ;ClimaVUE50;20250506
20241226;3.69;0.9;10.2;90.64;51;100;0.92;ANCASH;HUARAZ;INDEPENDENCIA;20105;COJ-PAL-EMA-3;Campbell Scientific ;ClimaVUE50;20250506
20241227;4.15;1;12.3;91.56;41.9;100;0.39;ANCASH;HUARAZ;INDEPENDENCIA;20105;COJ-PAL-EMA-3;Campbell Scientific ;ClimaVUE50;20250506
20241228;3.92;0.5;11.1;90.59;46.6;100;0.26;ANCASH;HUARAZ;INDEPENDENCIA;20105;COJ-PAL-EMA-3;Campbell Scientific ;ClimaVUE50;20250506
20241229;3.84;0.7;11.3;80.4;36.8;100;0.07;ANCASH;HUARAZ;INDEPENDENCIA;20105;COJ-PAL-EMA-3;Campbell Scientific ;ClimaVUE50;20250506
20241230;3.16;0.1;9.8;88.07;40.4;100;3.3;ANCASH;HUARAZ;INDEPENDENCIA;20105;COJ-PAL-EMA-3;Campbell Scientific ;ClimaVUE50;20250506
20241231;1.65;-0.8;7.9;98.46;71.5;100;1.9;ANCASH;HUARAZ;INDEPENDENCIA;20105;COJ-PAL-EMA-3;Campbell Scientific ;ClimaVUE50;20250506
20250101;1.38;-0.7;9.2;97.59;77.2;100;9.15;ANCASH;HUARAZ;INDEPENDENCIA;20105;COJ-PAL-EMA-3;Campbell Scientific ;ClimaVUE50;20250506
20250102;0.59;-0.8;4.9;99.65;86.4;100;19.52;ANCASH;HUARAZ;INDEPENDENCIA;20105;COJ-PAL-EMA-3;Campbell Scientific ;ClimaVUE50;20250506
20250103;0.79;-1.1;9.1;99.39;70.1;100;15.64;ANCASH;HUARAZ;INDEPENDENCIA;20105;COJ-PAL-EMA-3;Campbell Scientific ;ClimaVUE50;20250506
20250104;1.6;-0.4;7.4;95.25;71.2;100;7.91;ANCASH;HUARAZ;INDEPENDENCIA;20105;COJ-PAL-EMA-3;Campbell Scientific ;ClimaVUE50;20250506
20250105;2.97;-0.4;11;91.63;65.1;100;5.66;ANCASH;HUARAZ;INDEPENDENCIA;20105;COJ-PAL-EMA-3;Campbell Scientific ;ClimaVUE50;20250506
20250106;3.4;1;9.8;97.59;74.1;100;4.69;ANCASH;HUARAZ;INDEPENDENCIA;20105;COJ-PAL-EMA-3;Campbell Scientific ;ClimaVUE50;20250506
20250107;2.36;0.7;8.6;98.16;79;100;2.69;ANCASH;HUARAZ;INDEPENDENCIA;20105;COJ-PAL-EMA-3;Campbell Scientific ;ClimaVUE50;20250506
20250108;2.2;0.2;4.4;99.84;94.8;100;8.98;ANCASH;HUARAZ;INDEPENDENCIA;20105;COJ-PAL-EMA-3;Campbell Scientific ;ClimaVUE50;20250506
20250109;2.55;-1.5;7.8;89.31;58.9;100;1.16;ANCASH;HUARAZ;INDEPENDENCIA;20105;COJ-PAL-EMA-3;Campbell Scientific ;ClimaVUE50;20250506
20250110;4.06;-1.7;11.3;79.88;41.2;100;1.67;ANCASH;HUARAZ;INDEPENDENCIA;20105;COJ-PAL-EMA-3;Campbell Scientific ;ClimaVUE50;20250506
20250111;4.42;0.4;11.2;87.41;53.1;100;1.17;ANCASH;HUARAZ;INDEPENDENCIA;20105;COJ-PAL-EMA-3;Campbell Scientific ;ClimaVUE50;20250506
20250112;3.71;1.8;9.8;96.95;72.3;100;0.17;ANCASH;HUARAZ;INDEPENDENCIA;20105;COJ-PAL-EMA-3;Campbell Scientific ;ClimaVUE50;20250506
20250113;3.21;0.9;7.8;95.84;74.1;100;5.95;ANCASH;HUARAZ;INDEPENDENCIA;20105;COJ-PAL-EMA-3;Campbell Scientific ;ClimaVUE50;20250506
20250114;2.78;0.8;10.1;98.12;74.8;100;1.39;ANCASH;HUARAZ;INDEPENDENCIA;20105;COJ-PAL-EMA-3;Campbell Scientific ;ClimaVUE50;20250506
20250115;2.56;-0.2;10.3;95.33;66.7;100;1.7;ANCASH;HUARAZ;INDEPENDENCIA;20105;COJ-PAL-EMA-3;Campbell Scientific ;ClimaVUE50;20250506
20250116;2.14;-2.6;9.5;86.28;55.6;100;0.61;ANCASH;HUARAZ;INDEPENDENCIA;20105;COJ-PAL-EMA-3;Campbell Scientific ;ClimaVUE50;20250506
20250117;3.27;-1.3;9.8;65.01;17.3;100;0.36;ANCASH;HUARAZ;INDEPENDENCIA;20105;COJ-PAL-EMA-3;Campbell Scientific ;ClimaVUE50;20250506
20250118;2.17;-0.3;11;91.66;57.4;100;1.67;ANCASH;HUARAZ;INDEPENDENCIA;20105;COJ-PAL-EMA-3;Campbell Scientific ;ClimaVUE50;20250506
20250119;2.98;0.1;10.2;91.2;62.4;100;4.71;ANCASH;HUARAZ;INDEPENDENCIA;20105;COJ-PAL-EMA-3;Campbell Scientific ;ClimaVUE50;20250506
20250120;2.61;0.2;7;96.44;65.3;100;0.51;ANCASH;HUARAZ;INDEPENDENCIA;20105;COJ-PAL-EMA-3;Campbell Scientific ;ClimaVUE50;20250506
20250121;1.29;-1.3;6.1;99.03;83.9;100;2.74;ANCASH;HUARAZ;INDEPENDENCIA;20105;COJ-PAL-EMA-3;Campbell Scientific ;ClimaVUE50;20250506
20250122;1.1;-0.5;5.7;99.88;91.7;100;5.05;ANCASH;HUARAZ;INDEPENDENCIA;20105;COJ-PAL-EMA-3;Campbell Scientific ;ClimaVUE50;20250506
20250123;1.12;-1.9;8;98.56;76.2;100;7.28;ANCASH;HUARAZ;INDEPENDENCIA;20105;COJ-PAL-EMA-3;Campbell Scientific ;ClimaVUE50;20250506
20250124;2.22;-0.6;9.1;95.27;66.8;100;15.03;ANCASH;HUARAZ;INDEPENDENCIA;20105;COJ-PAL-EMA-3;Campbell Scientific ;ClimaVUE50;20250506
20250125;3.48;0.7;11;84.76;51;100;2.41;ANCASH;HUARAZ;INDEPENDENCIA;20105;COJ-PAL-EMA-3;Campbell Scientific ;ClimaVUE50;20250506
20250126;4.4;0.9;11.1;82.51;49.3;100;0.14;ANCASH;HUARAZ;INDEPENDENCIA;20105;COJ-PAL-EMA-3;Campbell Scientific ;ClimaVUE50;20250506
20250127;4.12;1;11.5;91.3;59.2;100;3.06;ANCASH;HUARAZ;INDEPENDENCIA;20105;COJ-PAL-EMA-3;Campbell Scientific ;ClimaVUE50;20250506
20250128;3.16;0.8;8.9;92.72;69.2;100;3.82;ANCASH;HUARAZ;INDEPENDENCIA;20105;COJ-PAL-EMA-3;Campbell Scientific ;ClimaVUE50;20250506
20250129;2.71;1;6.9;96.41;74.4;100;3.21;ANCASH;HUARAZ;INDEPENDENCIA;20105;COJ-PAL-EMA-3;Campbell Scientific ;ClimaVUE50;20250506
20250130;4.32;1;12.1;77.54;47.1;100;0.02;ANCASH;HUARAZ;INDEPENDENCIA;20105;COJ-PAL-EMA-3;Campbell Scientific ;ClimaVUE50;20250506
20250131;3.36;1.1;12;95;64.6;100;6.9;ANCASH;HUARAZ;INDEPENDENCIA;20105;COJ-PAL-EMA-3;Campbell Scientific ;ClimaVUE50;20250506
20250201;2.19;0;4.4;99.05;87.5;100;11.12;ANCASH;HUARAZ;INDEPENDENCIA;20105;COJ-PAL-EMA-3;Campbell Scientific ;ClimaVUE50;20250506
20250202;3.38;1.3;8.6;96.26;72;100;0.53;ANCASH;HUARAZ;INDEPENDENCIA;20105;COJ-PAL-EMA-3;Campbell Scientific ;ClimaVUE50;20250506
20250203;3.06;-0.1;10.6;91.7;50.8;100;5.59;ANCASH;HUARAZ;INDEPENDENCIA;20105;COJ-PAL-EMA-3;Campbell Scientific ;ClimaVUE50;20250506
20250204;2.35;-0.1;8.9;95.91;77.9;100;7.11;ANCASH;HUARAZ;INDEPENDENCIA;20105;COJ-PAL-EMA-3;Campbell Scientific ;ClimaVUE50;20250506
20250205;1.23;-0.1;5.6;99.94;94.3;100;12.73;ANCASH;HUARAZ;INDEPENDENCIA;20105;COJ-PAL-EMA-3;Campbell Scientific ;ClimaVUE50;20250506
20250206;2.53;0;9.3;94.53;67.1;100;5.71;ANCASH;HUARAZ;INDEPENDENCIA;20105;COJ-PAL-EMA-3;Campbell Scientific ;ClimaVUE50;20250506
20250207;3.1;0.6;9.2;91.41;63.1;100;4.39;ANCASH;HUARAZ;INDEPENDENCIA;20105;COJ-PAL-EMA-3;Campbell Scientific ;ClimaVUE50;20250506
20250208;3.05;-0.6;10.2;85.55;61.3;100;0.82;ANCASH;HUARAZ;INDEPENDENCIA;20105;COJ-PAL-EMA-3;Campbell Scientific ;ClimaVUE50;20250506
20250209;3.49;0.1;10.3;84.13;54.5;100;4.78;ANCASH;HUARAZ;INDEPENDENCIA;20105;COJ-PAL-EMA-3;Campbell Scientific ;ClimaVUE50;20250506
20250210;2.53;0;9.5;97;71.1;100;8.11;ANCASH;HUARAZ;INDEPENDENCIA;20105;COJ-PAL-EMA-3;Campbell Scientific ;ClimaVUE50;20250506
20250211;1.37;-0.2;7.2;99.86;91.8;100;6.82;ANCASH;HUARAZ;INDEPENDENCIA;20105;COJ-PAL-EMA-3;Campbell Scientific ;ClimaVUE50;20250506
20250212;1.14;-0.1;6;99.53;86.8;100;9.45;ANCASH;HUARAZ;INDEPENDENCIA;20105;COJ-PAL-EMA-3;Campbell Scientific ;ClimaVUE50;20250506
20250213;1.7;-0.8;10.2;96.36;58.1;100;8.41;ANCASH;HUARAZ;INDEPENDENCIA;20105;COJ-PAL-EMA-3;Campbell Scientific ;ClimaVUE50;20250506
20250214;2.16;-0.5;11.6;92.04;66;100;14.52;ANCASH;HUARAZ;INDEPENDENCIA;20105;COJ-PAL-EMA-3;Campbell Scientific ;ClimaVUE50;20250506
20250215;2.91;0.5;8.6;90.77;65.7;100;2.86;ANCASH;HUARAZ;INDEPENDENCIA;20105;COJ-PAL-EMA-3;Campbell Scientific ;ClimaVUE50;20250506
20250216;2.05;-0.5;9;97.06;65.9;100;1.21;ANCASH;HUARAZ;INDEPENDENCIA;20105;COJ-PAL-EMA-3;Campbell Scientific ;ClimaVUE50;20250506
20250217;2.08;-0.3;9.2;98.54;84;100;11.59;ANCASH;HUARAZ;INDEPENDENCIA;20105;COJ-PAL-EMA-3;Campbell Scientific ;ClimaVUE50;20250506
20250218;2.45;-0.1;9.6;99.39;75.8;100;8.06;ANCASH;HUARAZ;INDEPENDENCIA;20105;COJ-PAL-EMA-3;Campbell Scientific ;ClimaVUE50;20250506
20250219;2.75;1;8.9;99.07;78.5;100;1.73;ANCASH;HUARAZ;INDEPENDENCIA;20105;COJ-PAL-EMA-3;Campbell Scientific ;ClimaVUE50;20250506
20250220;3.22;1.2;10.5;97.4;73.9;100;4.52;ANCASH;HUARAZ;INDEPENDENCIA;20105;COJ-PAL-EMA-3;Campbell Scientific ;ClimaVUE50;20250506
20250221;3.7;0.7;12;93.72;59.9;100;4.76;ANCASH;HUARAZ;INDEPENDENCIA;20105;COJ-PAL-EMA-3;Campbell Scientific ;ClimaVUE50;20250506
20250222;2.9;0.7;7.8;98.8;83.1;100;7.38;ANCASH;HUARAZ;INDEPENDENCIA;20105;COJ-PAL-EMA-3;Campbell Scientific ;ClimaVUE50;20250506
20250223;3.04;1.2;11.1;98.02;73.7;100;3.2;ANCASH;HUARAZ;INDEPENDENCIA;20105;COJ-PAL-EMA-3;Campbell Scientific ;ClimaVUE50;20250506
20250224;3.3;0.9;10.8;94.21;65.2;100;5.37;ANCASH;HUARAZ;INDEPENDENCIA;20105;COJ-PAL-EMA-3;Campbell Scientific ;ClimaVUE50;20250506
20250225;3.8;1.7;11.2;89.46;59.9;100;2.87;ANCASH;HUARAZ;INDEPENDENCIA;20105;COJ-PAL-EMA-3;Campbell Scientific ;ClimaVUE50;20250506
20250226;3.73;0.1;11.9;89.31;60.4;100;16.59;ANCASH;HUARAZ;INDEPENDENCIA;20105;COJ-PAL-EMA-3;Campbell Scientific ;ClimaVUE50;20250506
20250227;2.98;0.8;8.8;98.58;77.9;100;5.08;ANCASH;HUARAZ;INDEPENDENCIA;20105;COJ-PAL-EMA-3;Campbell Scientific ;ClimaVUE50;20250506
20250228;2.8;0;11.4;98.49;71;100;12.38;ANCASH;HUARAZ;INDEPENDENCIA;20105;COJ-PAL-EMA-3;Campbell Scientific ;ClimaVUE50;20250506
20250301;2.64;0.3;6.4;99.68;90.6;100;8.43;ANCASH;HUARAZ;INDEPENDENCIA;20105;COJ-PAL-EMA-3;Campbell Scientific ;ClimaVUE50;20250506
20250302;1.65;-0.2;5.9;99.83;93.1;100;9.42;ANCASH;HUARAZ;INDEPENDENCIA;20105;COJ-PAL-EMA-3;Campbell Scientific ;ClimaVUE50;20250506
20250303;2.36;-0.1;8.2;97.26;80.2;100;8.45;ANCASH;HUARAZ;INDEPENDENCIA;20105;COJ-PAL-EMA-3;Campbell Scientific ;ClimaVUE50;20250506
20250304;1.72;0;7;99.8;89.9;100;7.97;ANCASH;HUARAZ;INDEPENDENCIA;20105;COJ-PAL-EMA-3;Campbell Scientific ;ClimaVUE50;20250506
20250305;1.83;-0.5;10.7;97.87;67.9;100;6.63;ANCASH;HUARAZ;INDEPENDENCIA;20105;COJ-PAL-EMA-3;Campbell Scientific ;ClimaVUE50;20250506
20250306;1.51;-0.5;5.1;95.77;71.3;100;11.25;ANCASH;HUARAZ;INDEPENDENCIA;20105;COJ-PAL-EMA-3;Campbell Scientific ;ClimaVUE50;20250506
20250307;1.78;-2.3;8.7;94.12;69.4;100;5.78;ANCASH;HUARAZ;INDEPENDENCIA;20105;COJ-PAL-EMA-3;Campbell Scientific ;ClimaVUE50;20250506
20250308;2.02;-0.6;5.8;89.57;71.5;100;0.56;ANCASH;HUARAZ;INDEPENDENCIA;20105;COJ-PAL-EMA-3;Campbell Scientific ;ClimaVUE50;20250506
20250309;1.26;-1.2;6.5;87.65;68;100;0.05;ANCASH;HUARAZ;INDEPENDENCIA;20105;COJ-PAL-EMA-3;Campbell Scientific ;ClimaVUE50;20250506
20250310;1.35;-1.6;6.4;94.12;73.6;100;3.6;ANCASH;HUARAZ;INDEPENDENCIA;20105;COJ-PAL-EMA-3;Campbell Scientific ;ClimaVUE50;20250506
20250311;1.39;-0.9;8.5;97.18;71.4;100;3.06;ANCASH;HUARAZ;INDEPENDENCIA;20105;COJ-PAL-EMA-3;Campbell Scientific ;ClimaVUE50;20250506
20250312;2.84;-0.4;9.2;93.9;76.4;100;11.15;ANCASH;HUARAZ;INDEPENDENCIA;20105;COJ-PAL-EMA-3;Campbell Scientific ;ClimaVUE50;20250506
20250313;2.85;0;10.4;94.18;67.4;100;10.8;ANCASH;HUARAZ;INDEPENDENCIA;20105;COJ-PAL-EMA-3;Campbell Scientific ;ClimaVUE50;20250506
20250314;1.62;0;7.2;99.62;87.1;100;5.37;ANCASH;HUARAZ;INDEPENDENCIA;20105;COJ-PAL-EMA-3;Campbell Scientific ;ClimaVUE50;20250506
20250315;1.75;-0.1;9.2;99.16;87.1;100;5;ANCASH;HUARAZ;INDEPENDENCIA;20105;COJ-PAL-EMA-3;Campbell Scientific ;ClimaVUE50;20250506
20250316;2.64;0.3;10;99.02;79.6;100;6.43;ANCASH;HUARAZ;INDEPENDENCIA;20105;COJ-PAL-EMA-3;Campbell Scientific ;ClimaVUE50;20250506
20250317;4.04;1.2;10.1;93.29;66.9;100;0.58;ANCASH;HUARAZ;INDEPENDENCIA;20105;COJ-PAL-EMA-3;Campbell Scientific ;ClimaVUE50;20250506
20250318;2.96;0.2;7.1;98.83;81.2;100;8.36;ANCASH;HUARAZ;INDEPENDENCIA;20105;COJ-PAL-EMA-3;Campbell Scientific ;ClimaVUE50;20250506
20250319;2.72;0.1;6.6;94.91;74.1;100;1.92;ANCASH;HUARAZ;INDEPENDENCIA;20105;COJ-PAL-EMA-3;Campbell Scientific ;ClimaVUE50;20250506
20250320;4.7;1.6;11.1;83.04;58.2;100;2.99;ANCASH;HUARAZ;INDEPENDENCIA;20105;COJ-PAL-EMA-3;Campbell Scientific ;ClimaVUE50;20250506
20250321;4.67;1.8;10.2;81.19;64.8;96.9;2.69;ANCASH;HUARAZ;INDEPENDENCIA;20105;COJ-PAL-EMA-3;Campbell Scientific ;ClimaVUE50;20250506
20250322;5.23;2.9;10.7;78.48;65.4;93.1;0.19;ANCASH;HUARAZ;INDEPENDENCIA;20105;COJ-PAL-EMA-3;Campbell Scientific ;ClimaVUE50;20250506
20250323;4.54;1.2;9.9;81.86;60.9;100;1.73;ANCASH;HUARAZ;INDEPENDENCIA;20105;COJ-PAL-EMA-3;Campbell Scientific ;ClimaVUE50;20250506
20250324;4.27;1.5;10.6;85.89;53.3;100;0.08;ANCASH;HUARAZ;INDEPENDENCIA;20105;COJ-PAL-EMA-3;Campbell Scientific ;ClimaVUE50;20250506
20250325;4.86;1.3;12.5;79.04;44.5;100;0.32;ANCASH;HUARAZ;INDEPENDENCIA;20105;COJ-PAL-EMA-3;Campbell Scientific ;ClimaVUE50;20250506
20250326;3.48;1.8;8.1;96.21;67.4;100;5.7;ANCASH;HUARAZ;INDEPENDENCIA;20105;COJ-PAL-EMA-3;Campbell Scientific ;ClimaVUE50;20250506
20250327;3.15;0.8;10.4;97.59;72.8;100;1.46;ANCASH;HUARAZ;INDEPENDENCIA;20105;COJ-PAL-EMA-3;Campbell Scientific ;ClimaVUE50;20250506
20250328;2.2;0;6.3;99.38;88.3;100;7.07;ANCASH;HUARAZ;INDEPENDENCIA;20105;COJ-PAL-EMA-3;Campbell Scientific ;ClimaVUE50;20250506
20250329;2.35;0.7;6.3;99.41;92.1;100;6.07;ANCASH;HUARAZ;INDEPENDENCIA;20105;COJ-PAL-EMA-3;Campbell Scientific ;ClimaVUE50;20250506
20250330;3.21;0.7;10.4;97.64;74;100;3.86;ANCASH;HUARAZ;INDEPENDENCIA;20105;COJ-PAL-EMA-3;Campbell Scientific ;ClimaVUE50;20250506
20250331;2.58;0.7;9.1;99.02;84.6;100;7.21;ANCASH;HUARAZ;INDEPENDENCIA;20105;COJ-PAL-EMA-3;Campbell Scientific ;ClimaVUE50;20250506
20250401;2.63;0;8.1;96.61;73.2;100;6.6;ANCASH;HUARAZ;INDEPENDENCIA;20105;COJ-PAL-EMA-3;Campbell Scientific ;ClimaVUE50;20250506
20250402;2.58;0.1;9.6;99.01;75.6;100;10.05;ANCASH;HUARAZ;INDEPENDENCIA;20105;COJ-PAL-EMA-3;Campbell Scientific ;ClimaVUE50;20250506
20250403;2.29;0;5.7;99.71;95.4;100;5.08;ANCASH;HUARAZ;INDEPENDENCIA;20105;COJ-PAL-EMA-3;Campbell Scientific ;ClimaVUE50;20250506
20250404;3.91;0.6;9.4;91.33;70.4;100;2.58;ANCASH;HUARAZ;INDEPENDENCIA;20105;COJ-PAL-EMA-3;Campbell Scientific ;ClimaVUE50;20250506
20250405;3.74;2;7.4;87.1;77.5;100;1.05;ANCASH;HUARAZ;INDEPENDENCIA;20105;COJ-PAL-EMA-3;Campbell Scientific ;ClimaVUE50;20250506
20250406;4.6;0.8;10.9;79.73;49.6;100;0.12;ANCASH;HUARAZ;INDEPENDENCIA;20105;COJ-PAL-EMA-3;Campbell Scientific ;ClimaVUE50;20250506
20250407;4.41;-0.9;11.3;79.74;41;100;0.02;ANCASH;HUARAZ;INDEPENDENCIA;20105;COJ-PAL-EMA-3;Campbell Scientific ;ClimaVUE50;20250506
20250408;4.7;-0.1;11.6;76.88;37.4;100;0.32;ANCASH;HUARAZ;INDEPENDENCIA;20105;COJ-PAL-EMA-3;Campbell Scientific ;ClimaVUE50;20250506
20250409;3.7;1.2;10.5;88.75;54.8;100;5.98;ANCASH;HUARAZ;INDEPENDENCIA;20105;COJ-PAL-EMA-3;Campbell Scientific ;ClimaVUE50;20250506
20250410;2.95;0;9.3;96.08;70.2;100;8.76;ANCASH;HUARAZ;INDEPENDENCIA;20105;COJ-PAL-EMA-3;Campbell Scientific ;ClimaVUE50;20250506
20250411;2.64;0.5;8.1;98.87;80.6;100;7.89;ANCASH;HUARAZ;INDEPENDENCIA;20105;COJ-PAL-EMA-3;Campbell Scientific ;ClimaVUE50;20250506
20250412;2.51;0.3;9;96.98;72.6;100;3.66;ANCASH;HUARAZ;INDEPENDENCIA;20105;COJ-PAL-EMA-3;Campbell Scientific ;ClimaVUE50;20250506
20250413;3.3;1.3;8.5;96.59;78.3;100;0.71;ANCASH;HUARAZ;INDEPENDENCIA;20105;COJ-PAL-EMA-3;Campbell Scientific ;ClimaVUE50;20250506
20250414;2.89;1.2;9.1;98.09;73.8;100;8.53;ANCASH;HUARAZ;INDEPENDENCIA;20105;COJ-PAL-EMA-3;Campbell Scientific ;ClimaVUE50;20250506
20250415;3.97;1.7;8.8;91.77;66.8;100;2.53;ANCASH;HUARAZ;INDEPENDENCIA;20105;COJ-PAL-EMA-3;Campbell Scientific ;ClimaVUE50;20250506
20250416;4.66;1.8;10.3;85.87;57;100;4.35;ANCASH;HUARAZ;INDEPENDENCIA;20105;COJ-PAL-EMA-3;Campbell Scientific ;ClimaVUE50;20250506
20250417;3.86;0.7;9.1;90.31;65.7;100;2.92;ANCASH;HUARAZ;INDEPENDENCIA;20105;COJ-PAL-EMA-3;Campbell Scientific ;ClimaVUE50;20250506
20250418;4.93;2.5;10.1;79.52;55.4;100;0.95;ANCASH;HUARAZ;INDEPENDENCIA;20105;COJ-PAL-EMA-3;Campbell Scientific ;ClimaVUE50;20250506
20250419;4.07;1.2;10.5;87.21;53.6;100;1.63;ANCASH;HUARAZ;INDEPENDENCIA;20105;COJ-PAL-EMA-3;Campbell Scientific ;ClimaVUE50;20250506
20250420;3.55;1.2;9.4;90.78;68.5;100;5.51;ANCASH;HUARAZ;INDEPENDENCIA;20105;COJ-PAL-EMA-3;Campbell Scientific ;ClimaVUE50;20250506
20250421;2.63;0.6;8.4;97.34;72.9;100;3.52;ANCASH;HUARAZ;INDEPENDENCIA;20105;COJ-PAL-EMA-3;Campbell Scientific ;ClimaVUE50;20250506
20250422;2.07;0.4;5.5;98.74;87.6;100;2.07;ANCASH;HUARAZ;INDEPENDENCIA;20105;COJ-PAL-EMA-3;Campbell Scientific ;ClimaVUE50;20250506
20250423;3.65;0.2;10.4;89.35;68.4;100;1.56;ANCASH;HUARAZ;INDEPENDENCIA;20105;COJ-PAL-EMA-3;Campbell Scientific ;ClimaVUE50;20250506
20250424;3.37;0.9;9.5;94.35;68;100;5.46;ANCASH;HUARAZ;INDEPENDENCIA;20105;COJ-PAL-EMA-3;Campbell Scientific ;ClimaVUE50;20250506
20250425;1.85;-0.1;8.6;99.23;81.2;100;9.35;ANCASH;HUARAZ;INDEPENDENCIA;20105;COJ-PAL-EMA-3;Campbell Scientific ;ClimaVUE50;20250506
20250426;2.75;0.2;9.1;97.41;82.6;100;7.92;ANCASH;HUARAZ;INDEPENDENCIA;20105;COJ-PAL-EMA-3;Campbell Scientific ;ClimaVUE50;20250506
20250427;3.89;1;8.8;88.95;63.3;100;0.26;ANCASH;HUARAZ;INDEPENDENCIA;20105;COJ-PAL-EMA-3;Campbell Scientific ;ClimaVUE50;20250506
20250428;3.69;1.6;8.9;94.45;69.5;100;0.88;ANCASH;HUARAZ;INDEPENDENCIA;20105;COJ-PAL-EMA-3;Campbell Scientific ;ClimaVUE50;20250506
20250429;2.95;1.1;9.4;95.79;66.5;100;2.96;ANCASH;HUARAZ;INDEPENDENCIA;20105;COJ-PAL-EMA-3;Campbell Scientific ;ClimaVUE50;20250506
20250430;2.24;0;8;96.19;66.9;100;7.11;ANCASH;HUARAZ;INDEPENDENCIA;20105;COJ-PAL-EMA-3;Campbell Scientific ;ClimaVUE50;20250506
20250501;2.23;0.3;6.9;97.54;80.7;100;5.75;ANCASH;HUARAZ;INDEPENDENCIA;20105;COJ-PAL-EMA-3;Campbell Scientific ;ClimaVUE50;20250506
20250502;3.22;1.5;9.4;89.03;70.2;100;3.59;ANCASH;HUARAZ;INDEPENDENCIA;20105;COJ-PAL-EMA-3;Campbell Scientific ;ClimaVUE50;20250506
20250503;3.5;1;8.7;93.25;71.1;100;2.43;ANCASH;HUARAZ;INDEPENDENCIA;20105;COJ-PAL-EMA-3;Campbell Scientific ;ClimaVUE50;20250506
20250504;3.19;1.3;9.3;91.61;69.4;100;1.27;ANCASH;HUARAZ;INDEPENDENCIA;20105;COJ-PAL-EMA-3;Campbell Scientific ;ClimaVUE50;20250506
20250505;2.83;1.1;8;94.23;71.2;100;0.02;ANCASH;HUARAZ;INDEPENDENCIA;20105;COJ-PAL-EMA-3;Campbell Scientific ;ClimaVUE50;20250506
